Mohammad,Ahmadi,1
Fatemeh,Mohammadi,2
Ali,Rezaei,3
Zahra,Hosseini,4
Hossein,Karimi,5
Maryam,Gholami,6
Reza,Najafi,7
Narges,Alavi,8
Ahmad,Asgari,9
Sara,Talebi,10
Amir,Mirzaei,11
Leila,Ebrahimi,12
Alireza,Sadeghi,13
Parvaneh,Farahani,14
Mostafa,Kazemi,15
Nazanin,Shirazi,16
Mehdi,Amiri,17
Soraya,Moradi,18
Farhad,Nasiri,19
Shirin,Barzegar,20
Peyman,Ansari,21
Farnaz,Parvizi,22
Shahin,Azimi,23
Behrouz,Taghavi,24
Vahid,Samimi,25
Roya,Jafari,26
Hamid,Maleki,27
Atiyeh,Yousefi,28
Soroush,Sharifi,29
Amirhossein,Rahmani,30
Darya,Kiani,31
Erfan,Mansouri,32
Mina,Bagheri,33
Saman,Zandi,34
Sina,Mousavi,35
Afshin,Heydari,36
Behnam,Davoudi,37
Ehsan,Nouri,38
Farshad,Abedi,39
Kourosh,Khademi,40
Golnoosh,Soltani,41
Navid,Shams,42
Hanieh,Mohebbi,43
Shayan,Rostami,44
Yasin,Saedi,45
Atena,Hashemi,46
Faezeh,Jafarian,47
Masoud,Khalili,48
Kamran,Mirzadeh,49
Marzieh,Shahriari,50
Saeed,Moosavi,51
Sedigheh,Ansarian,52
Arash,Farrokh,53
Atefeh,Dehghani,54
Azam,Shahbazi,55
Elham,Shahmohammadi,56
Hengameh,Eslami,57
Iman,Afshar,58
Javad,Shokri,59
Kiana,Shafiei,60
Laleh,Shahidi,61
Mahtab,Shahbazi,62
Mitra,Shahmiri,63
Neda,Shahbazi,64
Omid,Shahidi,65
Parisa,Shahmohammadi,66
Ramin,Shahidi,67
Sanaz,Shahmiri,68
Shadi,Shahbazi,69
Simin,Shahmohammadi,70
Tannaz,Shahidi,71
Yasaman,Shahmiri,72
Zeynab,Shahbazi,73
Arezoo,Shahmohammadi,74
Bahar,Shahidi,75
Donya,Shahmiri,76
Elina,Shahbazi,77
Faranak,Shahmohammadi,78
Giti,Shahidi,79
Homa,Shahmiri,80
Jaleh,Shahbazi,81
Kobra,Shahmohammadi,82
Ladan,Shahidi,83
Mahnaz,Shahmiri,84
Nasrin,Shahbazi,85
Pooneh,Shahmohammadi,86
Rana,Shahidi,87
Sepideh,Shahmiri,88
Tara,Shahbazi,89
Zari,Shahmohammadi,90
Afsaneh,Shahidi,91
Anahita,Shahmiri,92
Azar,Shahbazi,93
Banafsheh,Shahmohammadi,94
Fariba,Shahidi,95
Golbahar,Shahmiri,96
Hediyeh,Shahbazi,97
Jeyran,Shahmohammadi,98
Katayoun,Shahidi,99
Minoo,Shahmiri,100